상권_코드_명,1분기 covid 영향력,2분기 covid 영향력,3분기 covid 영향력,4분기 covid 영향력,상권_평균_점포수(scaling),상권_평균_점포수,segment
가재울로6길,-0.06420000000000003,-0.0605,-0.09340000000000004,-0.07979999999999998,0.1355,76.0,20
가좌로7길,-0.11459999999999992,-0.18669999999999987,-0.14460000000000006,-0.18220000000000003,-0.252,53.0,0
갈현로1길,-0.44199999999999984,-0.4315,-0.5137,-0.28889999999999993,0.1068,74.0,24
갈현로7길,-0.10920000000000007,-0.1342000000000001,-0.07409999999999994,-0.05070000000000008,0.0,67.0,14
강남시장_동작,0.27479999999999993,-0.0019000000000000128,-0.06519999999999992,-0.2911,-1.9425,11.0,4
강동대로53길,-0.2531,-0.24519999999999997,-0.18730000000000002,-0.30120000000000013,1.1206,190.0,17
강서구청,-0.13339999999999996,-0.10619999999999996,-0.11310000000000009,-0.26,2.0452,449.0,3
개봉동 현대아파트 인근,-0.03049999999999997,-0.0766,-0.17820000000000003,-0.17530000000000012,1.0322,175.0,17
개봉로17길,-0.1644000000000001,0.01990000000000003,-0.07720000000000005,-0.13959999999999995,-0.5545,40.0,10
개봉로17다길,-0.26080000000000003,-0.3134,-0.2733000000000001,-0.25329999999999997,-0.7945,32.0,12
개봉로20길,-0.05590000000000006,-0.04620000000000002,-0.17659999999999998,-0.22329999999999994,-0.1928,56.0,14
개봉로23가길,-0.10870000000000002,-0.06759999999999988,-0.07089999999999996,-0.09699999999999998,0.7923,140.0,13
개봉로2길,-0.16380000000000006,-0.1846000000000001,-0.15000000000000002,-0.21610000000000007,0.0159,68.0,9
개봉중앙시장,-0.00019999999999997797,-0.040899999999999936,-0.03859999999999997,-0.007200000000000095,-1.8489,12.0,4
개운사길,-0.248,-0.3094999999999999,-0.3106,-0.3998999999999999,0.6355,121.0,16
건대입구역,0.3898999999999999,-0.02279999999999993,-0.42669999999999997,-0.2619,-0.1009,61.0,14
겸재로54길,-0.022500000000000187,-0.10780000000000012,-0.1472000000000001,-0.10420000000000007,-0.1009,61.0,14
경인로31길,-0.18010000000000004,-0.10430000000000006,-0.17590000000000006,-0.16579999999999995,-0.1928,56.0,14
경인로35길,0.12759999999999994,0.2569,0.25119999999999987,0.11929999999999996,0.483,105.0,5
경인로47길,-0.27149999999999996,-0.3699,-0.3044000000000001,-0.3488,1.0861,184.0,1
경희대로3길,0.11560000000000015,0.041899999999999826,0.024900000000000144,-0.1473000000000001,0.4088,98.0,5
경희대로4길,-0.22539999999999993,-0.27480000000000004,-0.22110000000000007,-0.34109999999999996,0.5714,114.0,16
경희대학교,-0.2208,-0.24420000000000008,-0.1652,-0.28690000000000004,1.3071,226.0,17
계동길,0.00019999999999997797,-0.129,-0.08840000000000003,-0.18379999999999996,0.2684,86.0,20
고무래로8길,-0.09630000000000005,-0.18390000000000017,-0.1785,-0.26759999999999995,0.4518,102.0,20
고산자로6길,-0.3237000000000001,-0.2751000000000001,-0.3284,-0.4003,0.0471,70.0,24
고속터미널역,-0.46440000000000003,-0.5413,-0.4042,-0.4555999999999999,1.6709,317.0,21
고척근린시장,0.5152999999999999,0.38759999999999994,0.49540000000000006,0.30400000000000005,-0.1928,56.0,18
고척로21나길,-0.0825999999999999,-0.061900000000000066,-0.10929999999999995,-0.009500000000000064,0.1907,80.0,20
고척로27길,0.1524000000000001,0.18590000000000007,0.14779999999999993,-0.10389999999999988,0.0,67.0,18
고척로27다길,-0.12080000000000002,-0.13770000000000004,-0.12159999999999993,-0.03149999999999997,-0.528,41.0,10
고척로52길,-0.3489,-0.2679,-0.3567,-0.3045,-0.9771,27.0,12
공릉로58길,-0.019000000000000017,-0.11319999999999997,-0.07819999999999994,-0.1531,-0.2319,54.0,14
공항대로55길,-0.2328,-0.2316999999999999,-0.29700000000000004,-0.26680000000000004,-0.4521,44.0,0
관악로30길,-0.1611999999999999,-0.16770000000000007,-0.17369999999999997,-0.26469999999999994,0.1068,74.0,9
광나루로12길,-0.1916000000000001,-0.23439999999999994,-0.24350000000000016,-0.2856000000000001,0.5232,109.0,16
광나루로24길,-0.10129999999999995,-0.29080000000000006,-0.1652999999999999,-0.2531000000000001,0.5232,109.0,16
광나루로36길,0.030099999999999905,-0.07930000000000004,0.04609999999999992,-0.06390000000000007,-0.1738,57.0,14
광성로6길,0.0938,0.06040000000000012,0.023499999999999965,-0.07509999999999994,-0.0662,63.0,14
교대역_1,-0.04080000000000006,-0.0636000000000001,-0.0865999999999999,-0.10729999999999995,2.4755,670.0,3
교대역_2,-0.17000000000000004,-0.14569999999999994,-0.19190000000000007,-0.1701999999999999,1.3445,234.0,17
교대역_3,-0.02849999999999997,-0.030399999999999983,-0.0018000000000000238,-0.1583,0.5133,108.0,20
교대역_4,-0.10130000000000006,-0.09540000000000004,-0.1368999999999999,-0.18979999999999997,1.1149,189.0,17
남대문시장,-0.1412,-0.1724,-0.28880000000000006,-0.33940000000000003,2.313,576.0,3
남부순환로325길,-0.1491,-0.34010000000000007,-0.31889999999999996,-0.3844000000000001,0.5619,113.0,16
남부순환로339길,-0.13479999999999992,-0.1342000000000001,-0.007600000000000051,0.026800000000000046,-0.0162,66.0,14
남부순환로97길,-0.22999999999999998,-0.25460000000000005,-0.13739999999999997,-0.18230000000000002,0.0774,72.0,9
남성역골목시장,-0.021700000000000053,-0.13729999999999998,-0.16180000000000005,-0.1995,0.3053,89.0,20
남영역,-0.27049999999999996,-0.2703000000000001,-0.25769999999999993,-0.3539,0.9359,160.0,1
노해로33길,-0.44209999999999994,-0.2478999999999999,-0.2582,-0.06519999999999992,-0.7614,33.0,12
능동로13길,-0.37150000000000005,-0.3276000000000001,-0.32040000000000013,-0.3283999999999999,0.5901,116.0,16
능동로19길,-0.2813,-0.3760000000000001,-0.38970000000000005,-0.4882000000000001,0.3754,95.0,16
능동로34길,-0.1876000000000001,-0.19030000000000002,-0.15359999999999996,-0.12150000000000005,-0.1009,61.0,9
답십리로23길,-0.47229999999999994,-0.4375999999999999,-0.30889999999999995,-0.23449999999999993,-0.528,41.0,0
대림골목시장,0.028200000000000003,0.2168000000000001,0.24859999999999993,0.1491,-0.1009,61.0,18
대흥로21길,-0.06840000000000002,-0.26549999999999996,-0.20129999999999992,-0.33640000000000003,-0.1367,59.0,9
대흥로28길,0.136,0.005299999999999971,-0.10749999999999993,-0.23259999999999992,0.2684,86.0,20
독립문로8길,-0.28769999999999996,-0.20839999999999992,-0.14350000000000007,-0.10439999999999994,-0.8286,31.0,12
독막로22길,-0.047799999999999954,0.0031999999999999806,-0.0009000000000000119,-0.08760000000000001,-0.8286,31.0,2
독막로32길,0.05410000000000004,-0.011200000000000099,-0.12009999999999998,0.07400000000000007,-0.6097,38.0,10
독막로8길,0.008799999999999919,-0.009699999999999931,-0.06130000000000002,0.0051000000000001044,-0.0162,66.0,14
돈암제일시장,-0.4311999999999999,-0.3922000000000001,-0.33540000000000014,-0.34309999999999996,-0.0492,64.0,24
돌곶이로14길,0.07609999999999995,0.07910000000000006,-0.00039999999999995595,0.041100000000000025,-0.7614,33.0,2
돌곶이로22길,-0.30700000000000005,-0.36219999999999997,-0.3712000000000001,-0.3319000000000001,-0.3146,50.0,0
돌곶이로27길,-0.04059999999999997,0.04039999999999999,-0.053100000000000036,-0.2542000000000001,0.204,81.0,20
돌곶이로28길,-0.0016999999999999238,0.018300000000000094,-0.03639999999999999,-0.27659999999999996,-0.6384,37.0,10
돌곶이로8길,0.09630000000000005,-0.14600000000000013,-0.1381,-0.07850000000000001,-1.1973,22.0,2
동광로39길,-0.07879999999999998,-0.08599999999999997,-0.08639999999999992,-0.11009999999999998,0.3173,90.0,20
동소문로13길,0.031200000000000006,-0.09049999999999991,-0.06400000000000006,-0.15170000000000006,-0.4768,43.0,10
동소문로15길,-0.07040000000000002,0.16100000000000003,0.09130000000000016,0.03639999999999999,-0.4043,46.0,10
동소문로26가길,-0.19540000000000002,-0.2437999999999999,-0.25049999999999994,-0.39059999999999995,0.2172,82.0,9
동소문로2길,-0.13430000000000009,-0.14760000000000006,-0.1620999999999999,-0.2701,-0.2725,52.0,0
동소문로6길,-0.22030000000000005,-0.2248,-0.17220000000000013,-0.22440000000000004,-0.1186,60.0,9
동원시장,0.13880000000000003,0.05010000000000003,0.04569999999999985,0.04820000000000002,1.0977,186.0,13
동일로192길,-0.20110000000000006,-0.24269999999999992,-0.18279999999999985,-0.19090000000000007,1.1092,188.0,17
동호로15길,0.028799999999999937,-0.060699999999999976,-0.048899999999999944,-0.11229999999999996,-0.938,28.0,2
동호로20길,-1.0364,-1.3660999999999999,-3.1900999999999997,-0.8329,-2.2849,8.0,8
두텁바위로1길,-0.0988,-0.1410999999999999,0.0022999999999999687,-0.04400000000000004,-0.2319,54.0,14
등촌로39길,-0.12519999999999998,-0.21429999999999993,-0.29800000000000004,-0.29890000000000005,0.0,67.0,9
등촌로51길,-0.08050000000000013,-0.11649999999999994,-0.13069999999999993,-0.19620000000000015,-0.3812,47.0,10
등촌로55길,-0.2135999999999999,-0.2126999999999999,-0.1864,-0.11330000000000007,0.0316,69.0,9
마조로1길,-0.13370000000000004,-0.15379999999999994,-0.15490000000000004,-0.34609999999999996,-0.2122,55.0,0
마포대로20길,0.13729999999999998,0.0687000000000001,-0.03420000000000001,-0.03590000000000004,0.1771,79.0,5
만리시장,0.07390000000000008,0.050999999999999934,0.04380000000000006,0.07540000000000013,-0.9771,27.0,2
만리재옛길,-0.09619999999999995,-0.14869999999999994,-0.18999999999999995,-0.22440000000000004,0.1634,78.0,9
망우로18가길,-0.3605999999999999,-0.35919999999999996,-0.17309999999999992,-0.2146,-0.4768,43.0,0
망우로18길,-0.3702000000000001,-0.4172999999999999,-0.26559999999999995,-0.29370000000000007,0.0774,72.0,24
망우로21길,-0.20640000000000014,-0.17210000000000003,-0.1684,-0.23880000000000012,-0.3364,49.0,0
면목로48길,-0.03380000000000005,-0.0131,-0.07279999999999998,-0.06469999999999998,0.2808,87.0,20
면목로56길,-0.0353,-0.04520000000000002,-0.055600000000000094,-0.06719999999999993,0.2684,86.0,20
면목로78길,-0.027100000000000013,-0.08020000000000005,-0.12039999999999995,-0.14849999999999985,0.5714,114.0,13
명동 남대문 북창동 다동 무교동 관광특구,-0.06279999999999997,-0.16010000000000002,-0.16490000000000005,-0.22360000000000002,4.0214,2822.0,7
명동거리,-0.07509999999999994,-0.17889999999999995,-0.18120000000000003,-0.24719999999999998,2.9316,1024.0,23
명동길,-0.31210000000000004,-0.6969000000000001,-0.5626,-0.36249999999999993,0.4088,98.0,16
명륜길,-0.3477,-0.33529999999999993,-0.21799999999999997,-0.033299999999999996,0.1068,74.0,9
명지대길,-0.13259999999999994,-0.16989999999999994,-0.10930000000000006,-0.21660000000000001,0.6531,123.0,13
모래내로15길,-0.43189999999999995,-0.5543,-0.5005999999999999,-0.42769999999999997,0.0623,71.0,24
밤나무골시장,0.42490000000000006,0.2661,0.053100000000000036,-0.07069999999999999,-2.1582,9.0,4
백련시장,-0.4221999999999999,-0.37360000000000004,-0.3016,-0.25970000000000004,-2.5941,6.0,11
백범로16길,-0.1382,-0.22299999999999986,-0.11529999999999996,-0.19090000000000007,0.7532,135.0,13
백범로79길,0.08550000000000002,-0.017900000000000138,-0.0036000000000000476,-0.02990000000000015,-0.1186,60.0,14
백운시장,-0.5931,-0.4326000000000001,0.11310000000000009,0.10859999999999992,-1.8489,12.0,19
보국문로16길,-0.23180000000000012,-0.17390000000000005,-0.19779999999999998,-0.2621,0.1907,80.0,9
보문로26길,-0.21730000000000005,-0.29910000000000003,-0.13140000000000007,-0.0012999999999999678,-1.4745,17.0,19
보문로31길,-0.08899999999999997,-0.1059,-0.057599999999999985,-0.13270000000000004,0.4088,98.0,20
보문로32길,-0.21609999999999996,-0.19679999999999997,-0.10089999999999999,-0.1652999999999999,0.5524,112.0,20
부일로1길,-0.20020000000000004,-0.26780000000000004,-0.16289999999999993,-0.42599999999999993,-0.2934,51.0,0
북아현로4길,-0.14989999999999992,-0.15069999999999995,-0.034399999999999986,-0.25239999999999996,-0.7293,34.0,12
불광천길,0.021700000000000053,-0.030200000000000005,-0.025500000000000078,-0.03960000000000008,0.3525,93.0,5
사가정로13길,-0.21129999999999993,-0.3325999999999999,-0.3951000000000001,-0.4457000000000001,0.1771,79.0,24
사근동길,-0.11719999999999997,-0.035800000000000054,0.06820000000000015,0.0907,-0.1551,58.0,14
사당로16가길,-0.20750000000000002,-0.22750000000000015,-0.18890000000000007,-0.16099999999999992,-0.5818,39.0,12
사당로23길,-0.39649999999999996,-0.41359999999999997,-0.38049999999999995,-0.05910000000000004,-1.2998,20.0,19
사당로23나길,-1.6719999999999997,-1.3654,-0.32530000000000014,-0.03909999999999991,-1.9425,11.0,22
사당로2차길,-0.11809999999999987,-0.0039000000000000146,0.0403,0.012299999999999978,-0.9771,27.0,2
사당로8길,0.10339999999999994,0.049900000000000055,-0.10839999999999994,-0.17049999999999998,-0.3364,49.0,10
사임당로17길,-0.12780000000000002,-0.1745,-0.2078000000000001,-0.21649999999999991,-0.1551,58.0,9
사평대로22길,-0.023799999999999932,-0.05799999999999994,-0.04490000000000005,-0.17300000000000004,0.7126,130.0,13
사평대로26길,-0.02749999999999997,-0.12,-0.11449999999999994,-0.3340000000000001,-0.0162,66.0,9
삼선교로10길,-0.24850000000000005,-0.36240000000000006,-0.3476,-0.36119999999999997,0.4727,104.0,16
삼선교로10다길,-1.3897,-1.0408,-1.0703,-0.7341,-0.938,28.0,15
삼선교로16가길,-0.6304,-0.7386999999999999,-0.5921000000000001,-0.7323999999999999,-1.0177,26.0,15
삼양로144길,-0.19229999999999992,-0.24329999999999985,-0.18969999999999998,-0.3459000000000001,0.3292,91.0,16
삼양로27길,-0.13149999999999995,-0.1633,-0.11450000000000005,-0.0928,-0.2934,51.0,14
삼양로41길,-0.18059999999999998,-0.14589999999999992,-0.2552000000000001,-0.26070000000000004,0.1068,74.0,9
삼일대로4길,-0.4828,-0.4952000000000001,-0.4523999999999999,-0.3893,-0.0326,65.0,24
상도로37길,-0.11239999999999994,-0.09870000000000001,-0.07930000000000004,-0.15150000000000008,0.0316,69.0,9
상도로47길,-0.005400000000000071,-0.1842999999999999,-0.09730000000000005,-0.5913,-0.5021,42.0,0
상도로61길,-0.4427,-0.5087999999999999,-0.4242,-0.5232,0.9558,163.0,1
상도로62길,-0.1945,-0.2209000000000001,-0.12570000000000003,-0.14350000000000007,0.3867,96.0,20
상도전통시장,-0.12149999999999994,-0.042100000000000026,-0.045600000000000085,-0.12519999999999998,0.3292,91.0,20
상원12길,-0.33630000000000004,-0.3379,-0.2704000000000001,-0.28410000000000013,-0.1367,59.0,24
새석관시장,0.14760000000000006,-0.11350000000000005,-0.6957,0.6007000000000001,-2.5941,6.0,11
서교시장,-0.024700000000000055,-0.2627999999999999,-0.32700000000000007,-0.5786,-1.5397,16.0,19
서달로10길,-0.18079999999999996,0.13540000000000008,0.24159999999999993,0.23060000000000003,-1.6832,14.0,4
서달로14길,-0.5574,-0.6399999999999999,-0.47860000000000014,-0.6513000000000001,-1.609,15.0,6
서달로15길,-0.09189999999999998,-0.15170000000000006,-0.16879999999999995,-0.29090000000000005,0.1634,78.0,9
서달로8가길,-0.5129,-0.47499999999999987,-0.1955,-0.3262999999999999,-0.9003,29.0,12
서대문구 서대문역_1,-0.08289999999999997,-0.2546999999999999,-0.29720000000000013,-0.12129999999999996,0.0316,69.0,9
서대문구 서대문역_2,-0.02839999999999998,-0.11909999999999987,-0.15579999999999994,-0.2694000000000001,1.0744,182.0,17
서울 강동구 둔촌동역,0.01880000000000004,0.06009999999999993,0.06300000000000006,-0.14,0.7999,141.0,13
서울 광진구 건대입구역_1,-0.36050000000000004,-0.3618,-0.3690999999999999,-0.3827999999999999,1.0383,176.0,1
서울 광진구 건대입구역_2,-0.26549999999999996,-0.29259999999999997,-0.34950000000000003,-0.45219999999999994,2.2594,548.0,3
서울 광진구 구의역,-0.057600000000000096,-0.0978,-0.1391,-0.30390000000000006,1.5451,282.0,21
서울 광진구 군자역,-0.17389999999999994,-0.23130000000000006,-0.2856000000000001,-0.4233000000000001,1.4661,262.0,21
서울 노원구 노원역_1,-0.07469999999999988,-0.0351999999999999,-0.0615,-0.15170000000000006,0.7371,133.0,13
서울 노원구 노원역_2,-0.07740000000000002,-0.05599999999999994,-0.10230000000000006,-0.10839999999999994,0.1213,75.0,9
서울 노원구 노원역_3,-0.2580999999999999,-0.27839999999999987,-0.2773000000000001,-0.32330000000000003,2.2476,542.0,3
서울 동대문구 청량리역,-0.4436,-0.4637,-0.551,-0.6225999999999999,1.6911,323.0,21
서울 마포구 홍대입구역_1,-0.22830000000000006,-0.2500000000000001,-0.22930000000000006,-0.3833,0.5993,117.0,16
서울 마포구 홍대입구역_3,-0.05599999999999994,-0.04139999999999999,-0.07099999999999995,-0.132,0.9223,158.0,13
서울 서대문구 신촌역,-0.2257999999999999,-0.30480000000000007,-0.31499999999999995,-0.4190999999999999,3.0922,1189.0,23
서울 서대문구 이대역,-0.1865,-0.25350000000000006,-0.21009999999999995,-0.30399999999999994,2.3886,618.0,3
서울 서초구 남부터미널역_1,-0.055600000000000094,-0.07390000000000008,-0.02939999999999987,-0.0756,0.7452,134.0,13
서울 서초구 남부터미널역_2,-0.040999999999999925,-0.05190000000000006,-0.0938,-0.22889999999999988,1.4944,269.0,17
서울 서초구 남부터미널역_3,0.08629999999999993,0.14370000000000005,0.14839999999999987,-0.13139999999999996,0.4088,98.0,5
서울 서초구 서초역,-0.1744000000000001,-0.1391,-0.09859999999999991,-0.2177,-0.2319,54.0,0
서울 성북구 성신여대입구역,-0.19840000000000002,-0.2155999999999999,-0.23039999999999994,-0.3324999999999999,2.163,501.0,3
서울 성북구 안암역,-0.3821,-0.37229999999999996,-0.34519999999999995,-0.49060000000000004,0.533,110.0,16
서울 용산구 숙대입구역,0.013399999999999967,0.016999999999999904,-0.1540999999999999,-0.2531,1.0684,181.0,17
서울 종로구 경복궁역_1,-0.23909999999999987,-0.23289999999999988,-0.2564000000000001,-0.35140000000000005,0.8807,152.0,1
서울 종로구 경복궁역_2,-0.30720000000000003,-0.3005,-0.22720000000000007,-0.2037000000000001,0.5619,113.0,16
서울 종로구 광화문역_2,-0.15769999999999995,-0.16449999999999998,-0.18819999999999992,-0.3228000000000001,2.4178,635.0,3
서울 중구 명동역,-0.3631,-0.3397,-0.19530000000000003,-0.24139999999999995,1.1375,193.0,1
서울 중구 충무로역_1,-0.2350000000000001,-0.3366000000000001,-0.3364999999999999,-0.4304,1.6045,298.0,21
서울 중구 충무로역_2,-0.1353000000000001,-0.15400000000000003,-0.14050000000000007,-0.24780000000000002,2.0404,447.0,3
서울시립대로16길,-0.34010000000000007,-0.42379999999999995,-0.21310000000000007,0.05289999999999995,-1.2473,21.0,19
서울시립대로29길,-0.3366,-0.29759999999999986,-0.32520000000000004,-0.3640000000000001,-0.3364,49.0,0
서울약령시장,-0.2098,-0.25680000000000003,-0.2881,-0.037000000000000144,0.2172,82.0,9
서초대로64길,-0.07750000000000012,0.23010000000000008,0.25360000000000005,0.24020000000000008,-0.8638,30.0,2
서초중앙로8길,-0.1453000000000001,-0.2649999999999999,-0.24360000000000004,-0.4170999999999999,-0.5021,42.0,0
석계로1길,-0.14590000000000014,-0.1391,-0.17010000000000014,-0.22710000000000008,0.8151,143.0,13
석관시장,-0.20619999999999994,-0.1311,-0.37739999999999996,-0.46810000000000007,-2.5941,6.0,11
석관황금시장,-0.1907000000000001,-0.07359999999999989,0.02970000000000006,0.09249999999999992,-0.528,41.0,10
성균관로5길,-0.4085000000000001,-0.43089999999999995,-0.32519999999999993,-0.3144,0.533,110.0,16
성동용답상가시장,-0.04970000000000008,-0.0687000000000001,-0.09040000000000015,-0.1605000000000001,0.5427,111.0,20
성북로8길,0.044300000000000006,-0.01110000000000011,-0.18530000000000002,-0.08689999999999987,-0.8286,31.0,2
성안로3길,-0.11729999999999996,-0.1170000000000001,-0.1735000000000001,-0.23660000000000003,0.4197,99.0,20
세검정로1길,-0.031200000000000006,-0.16700000000000004,-0.19640000000000002,-0.29410000000000003,0.4088,98.0,20
세무서길,-0.046599999999999975,-0.0756,-0.047599999999999976,-0.10259999999999991,0.483,105.0,20
솔샘로6길,0.037799999999999834,-0.0706,-0.06930000000000014,-0.2688999999999999,-0.7614,33.0,10
송정12라길,-0.09350000000000003,-0.048900000000000055,-0.0674999999999999,-0.0858000000000001,-0.6097,38.0,10
송정4가길,-0.13759999999999994,-0.1513,-0.07550000000000001,-0.3161999999999999,-0.0162,66.0,9
숭문길,-0.02429999999999999,-0.07890000000000008,-0.07699999999999996,-0.1351,0.2931,88.0,20
시청역_2,-0.041099999999999914,-0.04959999999999998,-0.030400000000000094,-0.08340000000000003,1.2023,205.0,17
신중부시장,-0.15170000000000006,-0.1815,-0.2128,-0.38880000000000003,0.3173,90.0,20
신촌로12길,-0.12940000000000007,-0.20129999999999992,-0.24659999999999993,-0.38,0.9291,159.0,1
신촌로30길,0.122,0.12330000000000008,0.18399999999999994,0.19740000000000002,-0.7293,34.0,2
신촌로37길,0.04469999999999996,0.025799999999999934,-0.03730000000000011,-0.44100000000000006,-0.9771,27.0,2
신촌역,-0.1604,-0.19679999999999986,-0.19910000000000005,-0.3285,1.5336,279.0,21
아리랑로4길,-0.1744000000000001,-0.05979999999999985,-0.08840000000000003,-0.2028000000000001,0.4518,102.0,20
아차산로40길,0.08939999999999992,0.14749999999999996,0.06899999999999995,-0.0805999999999999,-0.5545,40.0,10
아차산로51길,0.12229999999999996,-0.04620000000000013,-0.07299999999999995,-0.16860000000000008,0.2684,86.0,20
아차산로78길,-0.3097,-0.17870000000000008,-0.11709999999999998,-0.32699999999999996,0.3053,89.0,20
아현가구거리상점가,-0.5650999999999999,-0.5197999999999999,-0.41559999999999997,-0.49,-0.4521,44.0,24
아현시장,0.3138000000000001,0.2279,0.1988000000000001,0.09070000000000011,0.2558,85.0,18
어린이대공원역,0.13769999999999993,0.09399999999999986,0.16520000000000012,-0.0937,0.7611,136.0,13
연서로11길,-0.1381000000000001,-0.08950000000000002,-0.12100000000000011,-0.11649999999999994,-0.4768,43.0,10
연서로3길,-0.1252000000000001,-0.04389999999999994,-0.009699999999999931,-0.07350000000000001,-0.3585,48.0,10
연서로5길,-0.05069999999999997,-0.07900000000000007,-0.17379999999999995,-0.17620000000000002,-0.0834,62.0,14
연희로10길,-0.2734,-0.3581,-0.15599999999999992,-0.1634,-0.4043,46.0,0
영천시장,-0.008599999999999941,-0.0794999999999999,-0.17300000000000004,-0.18400000000000005,-0.1551,58.0,14
오류동역,-0.25149999999999995,-0.3344999999999999,-0.2519000000000001,-0.20950000000000002,1.2127,207.0,17
오류로8길,-0.2976000000000001,-0.2651999999999999,-0.24290000000000012,-0.33020000000000005,0.5808,115.0,16
오류시장,0.0674999999999999,0.006599999999999939,-0.01200000000000001,-0.1624,-0.6678,36.0,10
오패산로19길,-0.0043000000000001926,-0.03720000000000012,-0.1278999999999999,-0.28979999999999995,-0.3812,47.0,10
오패산로3길,0.010800000000000032,-0.018900000000000028,-0.013499999999999956,-0.06019999999999992,-0.1551,58.0,14
오패산로4길,-0.20379999999999998,-0.19089999999999996,-0.2562,-0.28,0.8807,152.0,1
옥인길,0.09139999999999993,0.10719999999999996,0.034599999999999964,-0.1854999999999999,-0.4279,45.0,10
와우산로29가길,-0.13280000000000003,-0.1724000000000001,-0.06580000000000008,-0.13419999999999999,-0.0162,66.0,9
와우산로29길,-0.17059999999999986,-0.18669999999999998,-0.20019999999999993,-0.3358,0.4623,103.0,16
와우산로3길,-0.023800000000000043,-0.04080000000000006,0.03709999999999991,-0.11950000000000005,-0.1551,58.0,14
왕산로43길,-0.42310000000000014,-0.4202,-0.33999999999999997,-0.12329999999999985,0.364,94.0,16
왕십리로14길,0.07269999999999999,0.16280000000000006,0.3143,0.33030000000000004,0.0,67.0,18
용답29길,-0.13230000000000008,-0.055300000000000016,-0.028100000000000014,-0.1301,0.7126,130.0,13
용답중앙길,-0.5873,-0.6542999999999999,-0.34060000000000007,-0.5207999999999999,-1.2473,21.0,6
용마산로100길,-0.007399999999999962,-0.07460000000000011,0.007000000000000006,0.036900000000000044,-0.3812,47.0,10
용마산로94길,-0.1592,-0.17830000000000001,-0.12209999999999999,-0.3398,0.0922,73.0,9
우이시장,-0.3418,-0.3005,-0.30310000000000015,-0.29799999999999993,-0.1009,61.0,24
우이천로32길,-0.123,-0.08819999999999995,-0.042200000000000015,-0.01539999999999997,-0.1928,56.0,14
원효로89길,-0.5371,-0.5705,-0.2503000000000001,-0.3446,0.2808,87.0,24
유영시장,-0.38849999999999985,-0.4435,-0.29559999999999986,-0.1402,-3.3393,3.0,11
은평로3길,-0.12970000000000015,-0.09199999999999997,-0.09029999999999994,-0.19030000000000002,0.0,67.0,9
은평로8길,-0.33130000000000004,-0.2664000000000001,-0.22610000000000008,-0.25529999999999986,-0.4768,43.0,0
응암로12길,-0.1983999999999999,-0.14939999999999998,-0.14589999999999992,-0.1523000000000001,-0.0492,64.0,9
응암로14길,-0.6093000000000001,-0.27090000000000003,-0.23299999999999987,-0.08389999999999986,-0.1551,58.0,24
이경시장,0.11430000000000007,0.0006999999999999229,-0.02980000000000005,0.06689999999999996,-2.045,10.0,4
이문로42길,-0.15589999999999993,-0.19410000000000005,-0.16449999999999998,-0.2733000000000001,-1.0177,26.0,12
이문제일시장,0.039000000000000146,0.037699999999999845,0.22420000000000007,0.021099999999999897,-1.8489,12.0,4
이화장길,-0.3276000000000001,-0.4845999999999999,-0.4344000000000001,-0.4091999999999999,0.1496,77.0,24
인왕시장,0.09870000000000001,0.009200000000000097,-0.15139999999999998,-0.3972000000000001,0.1068,74.0,9
인촌로17가길,-0.16480000000000006,-0.19609999999999994,-0.1824,-0.12729999999999997,-0.9771,27.0,12
인촌로1길,-0.3036,-0.34320000000000006,-0.29699999999999993,-0.2538,0.8075,142.0,1
인촌로24길,-0.18059999999999998,-0.2487999999999999,-0.2336999999999999,-0.37750000000000006,1.2976,224.0,17
인촌로5길,-0.0805999999999999,-0.02949999999999986,-0.06780000000000008,-0.19310000000000005,-0.6097,38.0,10
인현시장,-0.040100000000000025,-0.05850000000000011,-0.08409999999999995,-0.2778999999999999,0.2431,84.0,20
자양로15길,-0.1048,-0.37960000000000005,-0.3202999999999999,-0.3116,-0.1738,57.0,0
자양로26길,-0.08150000000000002,-0.0411999999999999,0.10260000000000002,0.11480000000000001,0.0,67.0,14
자양로50길,-0.07740000000000002,-0.049699999999999966,0.08250000000000002,0.32409999999999994,-0.252,53.0,14
자하문로7길,-0.36240000000000006,-0.24240000000000006,-0.1995,-0.22120000000000006,0.5524,112.0,16
잠실 관광특구,-0.17020000000000013,-0.22619999999999996,-0.23429999999999995,-0.31010000000000004,2.9103,1004.0,23
장미원골목시장,-0.014599999999999946,-0.027300000000000102,-0.0677000000000001,-0.10980000000000001,-0.3812,47.0,10
장월로1길,-0.21629999999999994,-0.24,-0.2510000000000001,-0.2905,0.1634,78.0,9
장위로50길,0.006500000000000061,0.27459999999999996,0.4928999999999999,0.05149999999999999,-1.3549,19.0,2
장위전통시장,-0.5148,-0.4507,-0.3103,-0.19840000000000002,-0.3364,49.0,24
장충단로8길,-0.1068,-0.15960000000000008,-0.09789999999999999,-0.010399999999999965,-1.413,18.0,19
장충동 족발거리,-0.04720000000000002,-0.09870000000000001,-0.043200000000000016,-0.19669999999999987,0.0316,69.0,9
장한평역,-0.25050000000000006,-0.37519999999999987,-0.2782,-0.3245,0.204,81.0,9
전농로29길,-0.026999999999999913,-0.07250000000000001,-0.12959999999999994,0.06010000000000004,-0.0492,64.0,14
전농로터리시장,-0.17490000000000006,-0.21029999999999993,-0.1513,-0.20140000000000002,-0.6097,38.0,12
정릉로27길,-0.22620000000000007,-0.2619,-0.07650000000000001,-0.34009999999999996,-0.7293,34.0,12
정릉로8길,-0.18369999999999997,-0.2943000000000001,-0.26639999999999997,-0.2895000000000001,-0.3364,49.0,0
정릉시장,-0.27170000000000005,-0.2911,-0.2944,-0.3224,0.679,126.0,16
제기로21길,-0.012300000000000089,0.02190000000000003,-0.118,-0.13749999999999984,-0.4768,43.0,10
제기로5길,-0.2844,-0.3324999999999999,-0.15560000000000007,-0.22099999999999997,0.2172,82.0,9
종암로5길,-0.09659999999999991,-0.13380000000000003,-0.03520000000000001,-0.09530000000000005,-0.3146,50.0,14
중랑천로10길,-0.2086,-0.1522,-0.17490000000000006,-0.1107999999999999,0.5033,107.0,20
중앙로1길,-0.3116,-0.29149999999999987,-0.3123,-0.32320000000000004,0.8226,144.0,1
증가로10길,-0.18620000000000003,-0.23349999999999993,-0.21420000000000006,-0.36739999999999995,1.2585,216.0,17
증가로20가길,0.016900000000000026,-0.09630000000000005,-0.0484,0.010400000000000076,-1.1037,24.0,2
증가로23나길,0.2036,0.17020000000000013,0.21730000000000005,0.03380000000000005,0.8374,146.0,13
증가로6길,0.22360000000000002,-0.3216,-0.33530000000000004,-0.38939999999999997,-1.1495,23.0,19
증산로21길,-0.08040000000000003,-0.11430000000000007,-0.0695,-0.09210000000000007,0.1355,76.0,9
지봉로20길,-0.06820000000000015,-0.15270000000000006,-0.21350000000000002,-0.2763,-0.1367,59.0,9
지봉로8길,-0.14760000000000006,-0.25350000000000006,-0.2679,-0.2652,-0.6097,38.0,12
진흥로1길,0.10439999999999994,0.11839999999999995,0.15700000000000003,0.21620000000000006,0.4623,103.0,5
창경궁로35길,-0.010099999999999998,-0.021599999999999953,-0.0867,-0.1421,-0.7293,34.0,10
창경궁로43길,-0.32479999999999987,-0.31999999999999995,-0.2929999999999999,-0.4152000000000001,-0.4043,46.0,0
창신2길,-0.25739999999999996,-0.16380000000000006,-0.22609999999999986,-0.37939999999999996,-0.528,41.0,0
창신길,0.058800000000000185,-0.19099999999999984,-0.24299999999999988,-0.1964999999999999,-1.4745,17.0,19
천장산로7길,-0.23430000000000006,-0.3313999999999999,-0.3062,-0.3908999999999999,-0.1551,58.0,24
청림3길,-0.5307000000000001,-0.4948999999999999,-0.29179999999999995,-0.26879999999999993,-0.1551,58.0,24
청파로47길,-0.07719999999999994,-0.16920000000000002,-0.15610000000000002,-0.1822999999999999,1.7835,352.0,21
청파로47나길,0.4991000000000001,0.2588999999999999,-0.02089999999999992,-0.05149999999999999,-1.2473,21.0,2
청파로71길,-0.18559999999999988,-0.1471,-0.18890000000000007,-0.0858000000000001,-0.1928,56.0,14
청파로73길,-0.16190000000000004,0.10759999999999992,0.12759999999999994,0.10170000000000001,-0.8286,31.0,2
초록마을로3길,-0.13619999999999988,-0.06789999999999996,-0.058599999999999985,-0.14379999999999993,0.1907,80.0,20
충정로4길,-0.08589999999999998,-0.15539999999999998,-0.05829999999999991,-0.0252,0.1907,80.0,20
충정로6길,-0.13070000000000004,-0.1331000000000001,-0.1208999999999999,-0.12730000000000008,0.4088,98.0,20
통인시장,-0.35770000000000013,-0.36039999999999994,0.06390000000000007,-0.2247999999999999,-0.1551,58.0,0
통일로11길,-0.09660000000000002,-0.37960000000000005,-0.2842,-0.3409,-0.9771,27.0,12
통일로12길,0.1080000000000001,0.26849999999999996,0.33530000000000004,0.22220000000000006,-1.2473,21.0,2
퇴계로12길,-0.3133,-0.32010000000000005,-0.17609999999999992,-0.18430000000000002,0.2172,82.0,9
퇴계로18길,0.2107000000000001,0.2168,0.24060000000000015,0.10599999999999987,-0.1738,57.0,18
퇴계로46길,-0.24819999999999998,-0.18399999999999994,-0.14480000000000004,-0.2239,-0.4279,45.0,0
퇴계로56길,0.008000000000000007,0.0044999999999999485,0.053099999999999925,0.02870000000000006,0.3409,92.0,5
퇴계로8길,-0.24129999999999996,-0.2713000000000001,-0.19790000000000008,-0.22650000000000003,-0.0492,64.0,9
포방터시장,-0.08220000000000005,-0.02980000000000005,-0.16589999999999994,-0.3972000000000001,-0.5818,39.0,10
필운대로1길,-0.13269999999999993,-0.1512,-0.07789999999999997,-0.11160000000000003,-0.7293,34.0,12
한강대로88길,0.10240000000000005,0.11549999999999994,0.07210000000000005,-0.1402000000000001,-0.8638,30.0,2
한아름시장,-0.06990000000000007,-0.23320000000000007,-0.16960000000000008,-0.252,-1.5397,16.0,19
한양시장,-0.3591000000000001,-0.3918999999999999,-0.4142999999999999,-0.5127999999999999,1.4285,253.0,21
혜화역 대학로_1,-0.21010000000000006,-0.22760000000000002,-0.21929999999999994,-0.29479999999999995,1.4453,257.0,21
혜화역 대학로_2,-0.17510000000000003,-0.21440000000000003,-0.20879999999999999,-0.3592000000000001,0.3525,93.0,16
혜화역 대학로_3,-0.08789999999999998,-0.15600000000000003,-0.1743,-0.2852,1.9422,408.0,3
홍연길,-0.8906999999999999,-0.8648,-0.696,-0.7135,-0.528,41.0,15
홍익대학교 주변,-0.1955,-0.24970000000000003,-0.22950000000000004,-0.35029999999999994,3.9566,2657.0,7
화곡로44나길,-0.13929999999999987,-0.2552000000000001,-0.2950999999999999,-0.29190000000000005,0.4932,106.0,16
화곡로59길,-0.3792000000000001,-0.4404999999999999,-0.4362999999999999,-0.4678,-0.0326,65.0,24
화곡로64길,-0.0687000000000001,-0.0673999999999999,-0.08810000000000007,-0.1361,0.6531,123.0,13
화랑로13길,-0.19519999999999993,-0.26139999999999997,-0.26069999999999993,-0.25849999999999995,0.2431,84.0,9
화랑로14길,0.10990000000000011,0.08810000000000007,0.0023999999999999577,-0.011099999999999999,-0.4279,45.0,10
화랑로19길,-0.5568000000000001,-0.5978999999999999,-0.9036,-0.6032,-0.6097,38.0,15
화랑로1길,-0.20719999999999994,-0.14780000000000015,-0.13170000000000004,-0.16980000000000006,-0.1186,60.0,9
화랑로32길,-0.037800000000000056,-0.05190000000000006,-0.05300000000000005,-0.06669999999999998,-0.5021,42.0,10
화양제일골목시장,-0.052000000000000046,-0.18079999999999996,-0.25969999999999993,-0.3198,-0.2934,51.0,0
회기시장,-0.22330000000000005,-0.2689999999999999,-0.2845,-0.3649,0.0471,70.0,9
효창원로93길,-0.12449999999999994,-0.08689999999999998,-0.07400000000000007,-0.2358,-0.5021,42.0,10
휘경로14길,-0.23350000000000004,-0.3026000000000001,-0.26769999999999994,-0.2734,-0.4768,43.0,0
휘경로23길,-0.5053000000000001,-0.4166000000000001,-0.4314,-0.4465999999999999,-1.2473,21.0,6
휘경로2길,-0.1674000000000001,-0.23120000000000007,-0.1936000000000001,-0.3384999999999999,1.1811,201.0,17
휘경로3길,-0.25360000000000005,-0.3003,-0.23309999999999997,-0.2885000000000001,0.6085,118.0,16
흑석로13길,0.15649999999999997,0.024500000000000077,-0.061900000000000066,-0.11029999999999995,-0.2122,55.0,14
흑석로9길,-0.23609999999999998,-0.38370000000000015,-0.24029999999999996,-0.4516999999999999,0.6085,118.0,16
흑석시장,-0.025600000000000067,-0.08219999999999994,-0.08210000000000006,-0.13640000000000008,0.7532,135.0,13
